Workbook

Sheet ORA Worksheet
B2: Overall Risk Assessment (ORA) Template
B3: Unit:
B4: Boundaries for Assessment:
B5: Lead Risk Assessor (LRA):
B6: Risk Assessment Team Members:
B7: Date of Risk Assessment:
B8: DESCRIPTION OF RISKS | J8: SUMMARY OF EXISTING RISK CONTROLS | M8: HUMAN FACTORS | N8: COMPLIANCE | Q8: EXISTING OVERALL RISK | W8: ACTION PLAN | AB8: RESIDUAL OVERALL RISK
B9: RISK FROM… | G9: RISK OF… | H9: RISK TO… | I9: Cross-refer to other risk assessments | J9: Technical | K9: Organisational | L9: Personal | M9: Application of controls, fatigue, rushing, vulnerable populations, etc. | N9: Mark if Not Compliant | Q9: Potential Severity (of injury or illness) | R9: Likelihood (of injury or illness) | S9: RF1 | T9: RF2 | U9: RF1 x RF2 | V9: Risk Level | W9: Actions Required | X9: Responsible Person | Y9: Target Date | Z9: Date Completed | AB9: NEW Potential Severity (of injury or illness) | AC9: NEW Likelihood (of injury or illness) | AD9: RF1 | AE9: RF2 | AF9: RF1 x RF2 | AG9: New Risk Level
B10: Hazard - Category | C10: How and When Could Harm Occur? | D10: Situation | G10: Injury or Illness Category (use multiple rows if applicable) | H10: Number & Type of People Exposed
D11: Routine | E11: Non Routine | F11: Emergency | N11: Legal | O11: Nestlé Group | P11: Market / Unit
S12: =VLOOKUP(Q12,'Drop Down Lists'!$B$2:$C$7,2,) -> #N/A | T12: =VLOOKUP(R12,'Drop Down Lists'!$B$9:$C$14,2,) -> #N/A | U12: =S12*T12 -> #N/A | V12: =VLOOKUP(U12,'Drop Down Lists'!$E$2:$F$19,2,FALSE) -> #N/A | AD12: =VLOOKUP(AB12,'Drop Down Lists'!$B$2:$C$7,2,) -> #N/A | AE12: =VLOOKUP(AC12,'Drop Down Lists'!$B$9:$C$14,2,) -> #N/A | AF12: =AD12*AE12 -> #N/A | AG12: =VLOOKUP(AF12,'Drop Down Lists'!$E$2:$F$19,2,FALSE) -> #N/A
S13: =VLOOKUP(Q13,'Drop Down Lists'!$B$2:$C$7,2,) -> #N/A | T13: =VLOOKUP(R13,'Drop Down Lists'!$B$9:$C$14,2,) -> #N/A | U13: =S13*T13 -> #N/A | V13: =VLOOKUP(U13,'Drop Down Lists'!$E$2:$F$19,2,FALSE) -> #N/A | AD13: =VLOOKUP(AB13,'Drop Down Lists'!$B$2:$C$7,2,) -> #N/A | AE13: =VLOOKUP(AC13,'Drop Down Lists'!$B$9:$C$14,2,) -> #N/A | AF13: =AD13*AE13 -> #N/A | AG13: =VLOOKUP(AF13,'Drop Down Lists'!$E$2:$F$19,2,FALSE) -> #N/A
S14: =VLOOKUP(Q14,'Drop Down Lists'!$B$2:$C$7,2,) -> #N/A | T14: =VLOOKUP(R14,'Drop Down Lists'!$B$9:$C$14,2,) -> #N/A | U14: =S14*T14 -> #N/A | V14: =VLOOKUP(U14,'Drop Down Lists'!$E$2:$F$19,2,FALSE) -> #N/A | AD14: =VLOOKUP(AB14,'Drop Down Lists'!$B$2:$C$7,2,) -> #N/A | AE14: =VLOOKUP(AC14,'Drop Down Lists'!$B$9:$C$14,2,) -> #N/A | AF14: =AD14*AE14 -> #N/A | AG14: =VLOOKUP(AF14,'Drop Down Lists'!$E$2:$F$19,2,FALSE) -> #N/A
S15: =VLOOKUP(Q15,'Drop Down Lists'!$B$2:$C$7,2,) -> #N/A | T15: =VLOOKUP(R15,'Drop Down Lists'!$B$9:$C$14,2,) -> #N/A | U15: =S15*T15 -> #N/A | V15: =VLOOKUP(U15,'Drop Down Lists'!$E$2:$F$19,2,FALSE) -> #N/A | AD15: =VLOOKUP(AB15,'Drop Down Lists'!$B$2:$C$7,2,) -> #N/A | AE15: =VLOOKUP(AC15,'Drop Down Lists'!$B$9:$C$14,2,) -> #N/A | AF15: =AD15*AE15 -> #N/A | AG15: =VLOOKUP(AF15,'Drop Down Lists'!$E$2:$F$19,2,FALSE) -> #N/A
S16: =VLOOKUP(Q16,'Drop Down Lists'!$B$2:$C$7,2,) -> #N/A | T16: =VLOOKUP(R16,'Drop Down Lists'!$B$9:$C$14,2,) -> #N/A | U16: =S16*T16 -> #N/A | V16: =VLOOKUP(U16,'Drop Down Lists'!$E$2:$F$19,2,FALSE) -> #N/A | AD16: =VLOOKUP(AB16,'Drop Down Lists'!$B$2:$C$7,2,) -> #N/A | AE16: =VLOOKUP(AC16,'Drop Down Lists'!$B$9:$C$14,2,) -> #N/A | AF16: =AD16*AE16 -> #N/A | AG16: =VLOOKUP(AF16,'Drop Down Lists'!$E$2:$F$19,2,FALSE) -> #N/A
S17: =VLOOKUP(Q17,'Drop Down Lists'!$B$2:$C$7,2,) -> #N/A | T17: =VLOOKUP(R17,'Drop Down Lists'!$B$9:$C$14,2,) -> #N/A | U17: =S17*T17 -> #N/A | V17: =VLOOKUP(U17,'Drop Down Lists'!$E$2:$F$19,2,FALSE) -> #N/A | AD17: =VLOOKUP(AB17,'Drop Down Lists'!$B$2:$C$7,2,) -> #N/A | AE17: =VLOOKUP(AC17,'Drop Down Lists'!$B$9:$C$14,2,) -> #N/A | AF17: =AD17*AE17 -> #N/A | AG17: =VLOOKUP(AF17,'Drop Down Lists'!$E$2:$F$19,2,FALSE) -> #N/A
S18: =VLOOKUP(Q18,'Drop Down Lists'!$B$2:$C$7,2,) -> #N/A | T18: =VLOOKUP(R18,'Drop Down Lists'!$B$9:$C$14,2,) -> #N/A | U18: =S18*T18 -> #N/A | V18: =VLOOKUP(U18,'Drop Down Lists'!$E$2:$F$19,2,FALSE) -> #N/A | AD18: =VLOOKUP(AB18,'Drop Down Lists'!$B$2:$C$7,2,) -> #N/A | AE18: =VLOOKUP(AC18,'Drop Down Lists'!$B$9:$C$14,2,) -> #N/A | AF18: =AD18*AE18 -> #N/A | AG18: =VLOOKUP(AF18,'Drop Down Lists'!$E$2:$F$19,2,FALSE) -> #N/A
S19: =VLOOKUP(Q19,'Drop Down Lists'!$B$2:$C$7,2,) -> #N/A | T19: =VLOOKUP(R19,'Drop Down Lists'!$B$9:$C$14,2,) -> #N/A | U19: =S19*T19 -> #N/A | V19: =VLOOKUP(U19,'Drop Down Lists'!$E$2:$F$19,2,FALSE) -> #N/A | AD19: =VLOOKUP(AB19,'Drop Down Lists'!$B$2:$C$7,2,) -> #N/A | AE19: =VLOOKUP(AC19,'Drop Down Lists'!$B$9:$C$14,2,) -> #N/A | AF19: =AD19*AE19 -> #N/A | AG19: =VLOOKUP(AF19,'Drop Down Lists'!$E$2:$F$19,2,FALSE) -> #N/A
S20: =VLOOKUP(Q20,'Drop Down Lists'!$B$2:$C$7,2,) -> #N/A | T20: =VLOOKUP(R20,'Drop Down Lists'!$B$9:$C$14,2,) -> #N/A | U20: =S20*T20 -> #N/A | V20: =VLOOKUP(U20,'Drop Down Lists'!$E$2:$F$19,2,FALSE) -> #N/A | AD20: =VLOOKUP(AB20,'Drop Down Lists'!$B$2:$C$7,2,) -> #N/A | AE20: =VLOOKUP(AC20,'Drop Down Lists'!$B$9:$C$14,2,) -> #N/A | AF20: =AD20*AE20 -> #N/A | AG20: =VLOOKUP(AF20,'Drop Down Lists'!$E$2:$F$19,2,FALSE) -> #N/A
S21: =VLOOKUP(Q21,'Drop Down Lists'!$B$2:$C$7,2,) -> #N/A | T21: =VLOOKUP(R21,'Drop Down Lists'!$B$9:$C$14,2,) -> #N/A | U21: =S21*T21 -> #N/A | V21: =VLOOKUP(U21,'Drop Down Lists'!$E$2:$F$19,2,FALSE) -> #N/A | AD21: =VLOOKUP(AB21,'Drop Down Lists'!$B$2:$C$7,2,) -> #N/A | AE21: =VLOOKUP(AC21,'Drop Down Lists'!$B$9:$C$14,2,) -> #N/A | AF21: =AD21*AE21 -> #N/A | AG21: =VLOOKUP(AF21,'Drop Down Lists'!$E$2:$F$19,2,FALSE) -> #N/A

Sheet ORA_Example
B2: Overall Risk Assessment (ORA) Template
B3: Boundaries for Assessment: | D3: Factory A Packing Hall (all activities)
B4: Lead Risk Assessor (LRA): | D4: Gary Smith
B5: Risk Assessment Team Members: | D5: Phil Jones, June Davies, Carly Peters, Sam Wilson
B6: Date of Risk Assessment: | D6: 12th March 2016
B7: DESCRIPTION OF RISKS | J7: SUMMARY OF EXISTING RISK CONTROLS | M7: HUMAN FACTORS | N7: COMPLIANCE | Q7: EXISTING OVERALL RISK | W7: ACTION PLAN | AB7: RESIDUAL OVERALL RISK
B8: RISK FROM… | H8: RISK TO… | I8: Cross-refer to other risk assessments | J8: Technical | K8: Organisational | L8: Personal | M8: Application of controls, fatigue, rushing, experience, age, etc. | N8: Mark if Not Compliant | Q8: Potential Severity (of injury or illness) | R8: Likelihood (of injury or illness) | S8: RF1 | T8: RF2 | U8: RF1 x RF2 | V8: Risk Level | W8: Actions Required | X8: Responsible Person | Y8: Target Date | Z8: Date Completed | AB8: NEW Potential Severity (of injury or illness) | AC8: NEW Likelihood (of injury or illness) | AD8: RF1 | AE8: RF2 | AF8: RF1 x RF2 | AG8: New Risk Level
B9: Hazard - Category | C9: How and When Could Harm Occur? | D9: Situation | G9: Injury or Illness - Category (use multiple rows if applicable) | H9: Number & Type of People Exposed
D10: Routine | E10: Non Routine | F10: Emergency | N10: Legal | O10: Nestlé Group | P10: Market / Unit
B11: Noise | C11: Working in area for long periods results in personal daily noise exposures in range 80-83dB(A). | D11: √ | F11: √ | G11: Hearing impairment | H11: Personnel working on Lines 75 & 76. | I11: Noise Risk Assessment RA-N-005/15 | J11: Acoustic enclosures provided for certain machines. Other non-acoustic enclosures around others. | K11: None | L11: Use of hearing protection is mandatory around Lines 75 & 76. | M11: Hearing protection is not always worn correctly. | N11: X | O11: X | P11: X | Q11: Irreversible | R11: Likely | S11: =VLOOKUP(Q11,'Drop Down Lists'!$B$2:$C$7,2,) -> 3 | T11: =VLOOKUP(R11,'Drop Down Lists'!$B$9:$C$14,2,) -> 3 | U11: =S11*T11 -> 9 | V11: =VLOOKUP(U11,'Drop Down Lists'!$E$2:$F$19,2,FALSE) -> High Risk | W11: Focus Management Feedback on use of hearing protection. Organise study of noise reduction options for Lines 75 & 76. | X11: RAJ PRT | Y11: Jun 2016 Dec 2016 | Z11: July 2016 | AB11: Irreversible | AC11: Unlikely | AD11: =VLOOKUP(AB11,'Drop Down Lists'!$B$2:$C$7,2,) -> 3 | AE11: =VLOOKUP(AC11,'Drop Down Lists'!$B$9:$C$14,2,) -> 2 | AF11: =AD11*AE11 -> 6 | AG11: =VLOOKUP(AF11,'Drop Down Lists'!$E$2:$F$19,2,FALSE) -> High Risk
B12: STF (Slip, trip, fall) hazards | C12: Falling down crossover stairs while moving from one side of conveyor to the other. | D12: √ | G12: MST (Musculo-Skeletal Trauma) | H12: All personnel working in Packing Hall, approx 75 people. | I12: None | J12: Stairs are designed and installed to standard. | K12: Normal site safety rules applied, ie no running, no use of mobile phones, hold the handrail. | L12: None | M12: None | Q12: Recordable | R12: Unlikely | S12: =VLOOKUP(Q12,'Drop Down Lists'!$B$2:$C$7,2,) -> 2 | T12: =VLOOKUP(R12,'Drop Down Lists'!$B$9:$C$14,2,) -> 2 | U12: =S12*T12 -> 4 | V12: =VLOOKUP(U12,'Drop Down Lists'!$E$2:$F$19,2,FALSE) -> Medium Risk | W12: None | AB12: Recordable | AC12: Unlikely | AD12: =VLOOKUP(AB12,'Drop Down Lists'!$B$2:$C$7,2,) -> 2 | AE12: =VLOOKUP(AC12,'Drop Down Lists'!$B$9:$C$14,2,) -> 2 | AF12: =AD12*AE12 -> 4 | AG12: =VLOOKUP(AF12,'Drop Down Lists'!$E$2:$F$19,2,FALSE) -> Medium Risk
B13: Machinery | C13: Hand caught in moving packaging machinery on Line 74 during jam clearance, etc. | D13: √ | G13: Amputation | H13: Operators on Line 74. 6 people. | I13: Mode 0 Assessment RA-ZA-016/14 + Relevant Task Analyses | J13: Guarding is present but not to Zero Access standard. | K13: Safety rules include STOP THE EQUIPMENT | L13: None | M13: Operators and technicians observe the STOP THE EQUIPMENT rule. | Q13: Irreversible | R13: Very Unlikely | S13: =VLOOKUP(Q13,'Drop Down Lists'!$B$2:$C$7,2,) -> 3 | T13: =VLOOKUP(R13,'Drop Down Lists'!$B$9:$C$14,2,) -> 1 | U13: =S13*T13 -> 3 | V13: =VLOOKUP(U13,'Drop Down Lists'!$E$2:$F$19,2,FALSE) -> Medium Risk | W13: Upgrade guarding on Line 74 to Zero Access. | X13: PRT | Y13: Jun 2017 | AB13: Irreversible | AC13: Very Unlikely | AD13: =VLOOKUP(AB13,'Drop Down Lists'!$B$2:$C$7,2,) -> 3 | AE13: =VLOOKUP(AC13,'Drop Down Lists'!$B$9:$C$14,2,) -> 1 | AF13: =AD13*AE13 -> 3 | AG13: =VLOOKUP(AF13,'Drop Down Lists'!$E$2:$F$19,2,FALSE) -> Medium Risk
B14: Stationary objects | C14: Bumping head while ducking under overhead conveyors. | D14: √ | G14: Cut, abrasion, or bruise | H14: Operators on Line 75. 6 people. | I14: None | J14: Overhed conveyors have hazard markings and cushioning, plus no sharp edges. | K14: None | L14: None | M14: Personnel are often rushing or distracted when moving under conveyors. | Q14: First Aid | R14: Likely | S14: =VLOOKUP(Q14,'Drop Down Lists'!$B$2:$C$7,2,) -> 1 | T14: =VLOOKUP(R14,'Drop Down Lists'!$B$9:$C$14,2,) -> 3 | U14: =S14*T14 -> 3 | V14: =VLOOKUP(U14,'Drop Down Lists'!$E$2:$F$19,2,FALSE) -> Medium Risk | W14: Consider use of bump caps. Explore alternative designs that would eliminate this hazard. | X14: RAJ PRT | Y14: Jun 2017 Dec 2016 | AB14: First Aid | AC14: Unlikely | AD14: =VLOOKUP(AB14,'Drop Down Lists'!$B$2:$C$7,2,) -> 1 | AE14: =VLOOKUP(AC14,'Drop Down Lists'!$B$9:$C$14,2,) -> 2 | AF14: =AD14*AE14 -> 2 | AG14: =VLOOKUP(AF14,'Drop Down Lists'!$E$2:$F$19,2,FALSE) -> Low Risk
B15: Manual handling, awkward posture or repetitive tasks | C15: Lifting packaging materials onto line. | D15: √ | G15: MSD (Musculo-Skeletal Disease) | H15: 1 operator per line (Position 1), all lines. Approx 15 people. | I15: ErgoPro Assessments for all lines | J15: Electric pallet truck. Scissor table. Infeed at approx waist height. | K15: None | L15: None | M15: None | Q15: Recordable | R15: Very Unlikely | S15: =VLOOKUP(Q15,'Drop Down Lists'!$B$2:$C$7,2,) -> 2 | T15: =VLOOKUP(R15,'Drop Down Lists'!$B$9:$C$14,2,) -> 1 | U15: =S15*T15 -> 2 | V15: =VLOOKUP(U15,'Drop Down Lists'!$E$2:$F$19,2,FALSE) -> Low Risk | W15: None | AB15: Recordable | AC15: Very Unlikely | AD15: =VLOOKUP(AB15,'Drop Down Lists'!$B$2:$C$7,2,) -> 2 | AE15: =VLOOKUP(AC15,'Drop Down Lists'!$B$9:$C$14,2,) -> 1 | AF15: =AD15*AE15 -> 2 | AG15: =VLOOKUP(AF15,'Drop Down Lists'!$E$2:$F$19,2,FALSE) -> Low Risk

Sheet ORA Matrix
C3: Safety & Health Risk Assessment Matrix1
F4: Guidance on Estimating Likelihood2 | H4: 1 First Aid | I4: 2 Recordable4 | J4: 3 Irreversible | K4: 4 Fatal
F5: Situations | G5: Frequency of Incidents & At-Risk Behaviours3
C6: Likelihood (of Injury or Illness)2 | E6: 4 Very Likely | F6: Controls are missing or ineffective. Minimal or no risk awareness. | G6: Frequent | H6: 4 Medium Risk | I6: 8 High Risk | J6: 12 Extreme Risk | K6: 16 Extreme Risk
E7: 3 Likely | F7: Heavily reliant on unreliable organisational controls. | G7: Occasional | H7: 3 Medium Risk | I7: 6 High Risk | J7: 9 High Risk | K7: 12 Extreme Risk
E8: 2 Unlikely | F8: Workplace and task are optimized. Reliable controls are in place. | G8: Rare | H8: 2 Low Risk | I8: 4 Medium Risk | J8: 6 High Risk | K8: 8 High Risk
E9: 1 Very Unlikely | F9: Safe by design. Nearly impossible to get hurt. | G9: None | H9: 1 Low Risk | I9: 2 Low Risk | J9: 3 Medium Risk | K9: 4 Medium Risk
H10: Potential Severity (of injury or illness)
H13: How to Interpret Risk Levels?
H14: Extreme Risk | I14: Not tolerable: Immediate action required
H15: High Risk | I15: Not tolerable: Urgent management attention required
H16: Medium Risk | I16: Not tolerable: Management attention required as soon as possible
H17: Low Risk | I17: May be tolerable: Longer term action may be required (if not compliant to standard)
C19: Notes:
C20: 1. To be used in the following sequence: i) Identify the incident scenario, ii) Determine Potential Severity, iii) Estimate Likelihood, iv) Read off Risk Level.
C21: 2. When estimating Likelihood, consider the size of the exposed population, and the frequency and duration of their exposure to the source of risk.
C22: 3. When considing incidents, ensure you include near misses. But remember that the number of reported near misses and at-risk behaviours will depend on the level of S&H awareness - and quality of the "reporting culture" - in the unit. Wherever possible involve the exposed population in the risk assessment and ask for their input on frequencies.
C23: 4. "Recordable" injuries & illnesses are those that require: i) medical treatment beyond first aid, ii) restricted work, or iii) lost time.

Sheet ORA Risk Map Template
B2: Safety & Health Risk Map
E3: 1 First Aid | F3: 2 Recordable | G3: 3 Irreversible | H3: 4 Fatal
B5: Likelihood | D5: 4 Very Likely
D6: 3 Likely
D7: 2 Unlikely
D8: 1 Very Unlikely
E9: Potential Severity

Sheet I&I Cats-r
B1: INJURY & ILLNESS CLASSIFICATION
B2: Category
B3: Amputation
B4: Burn (chemical)
B5: Burn (thermal)
B6: Concussion
B7: Cut, abrasion, or bruise
B8: MST (Musculo-Skeletal Trauma)
B9: Foreign Body
B10: Fracture
B11: Puncture/Splinter
B12: Respiratory disorder
... B22: Other

Sheet Hazard Cats.-r
B1: HAZARD - CATEGORIES
B2: Category | C2: Examples | F2: Examples of Potential Harm
B3: STF (Slip, trip, fall) hazards | C3: Uneven floors | D3: Materials on floor surfaces | E3: Holes, penetrations or gaps in floors | F3: Falls on same level or on stairs, causing impact injuries.
B4: Hot surfaces or materials | C4: Heat sealing equipment | D4: Hot process equipment | E4: Steam and hot water systems | F4: Contact with hot surfaces or materials, causing burns.
B5: Ergonomic risk | C5: Manual handling | D5: Repetitive tasks | E5: Awkward posture | F5: Excessive force, frequency or posture, causing musculo-skeletal disease (MSD).
B6: Chemicals, dusts or gases | C6: Sensitizers (eg flour, grain dust) | D6: Corrosive or irritant chemicals | E6: Asphyixiants | F6: Excessive exposures, causing various acute or chronic health effects.
B7: Collapse or overturn | C7: Racking | D7: Silos | E7: Scaffolding | F7: Collapse of structures or falling materials, causing impact or crush injuries.
B8: Pressurized systems | C8: Steam | D8: Compressed air | E8: Liquid under pressure | F8: Uncontrolled release of energy, causing burns or impact injuries.
B9: Work at height | C9: Platforms, walkways & roofs | D9: Scaffolds, MEWPs, etc | E9: Stairs and ladders | F9: Fall from elevated areas or collapses of platforms, causing impact injuries.
B10: Lifting operations | C10: Cranes and hoists | D10: FIBC (big bag) handling | E10: Personnel lifts | F10: Sudden failure of equipment, causing falling objects, personnel.
B11: Stationary objects | C11: Sharp edges | D11: Low clearances | E11: Obstructions | F11: Accidental contact, causing cuts, bruises, etc.
B12: Hand tools | C12: Spanners, screwdrivers | D12: Drills, saws, etc | E12: Hammers | F12: Sudden release or slipping, causing impact or cutting injuries.
B13: Electricity | C13: Portable electrical equipment | D13: Electrical distribution systems | E13: Sockets, plugs, extension leads | F13: Overheating of circuits, causing fires. Contact with conductors, causing electrical shock or burns.
B14: Vehicles | C14: Delivery trucks | D14: Passenger vehicles | E14: Onsite vehicles | F14: Collision with pedestrians, other road users, or road-side objects, causing impact or crush injuries.
... B21: Confined space entry | C21: Tanks & silos | D21: Pits, sumps & sewers | E21: Excavations | F21: Personnel can be overcome by hazardous atmospheres. Personnel can become trapped, making rescue difficult.
B22: Excavations | C22: Building excavations | F22: Collapse, causing crush injuries. Exposure to buried services or hazardous materials, causing various injuries or illnesses.
B23: Biological agents | C23: Legionella in water systems | D23: Laboratory pathogens | E23: Bloodborne pathogens | F23: Accidental exposures to bacteria, viruses, causing various health effects.
B24: Cold or hot environments | C24: Cold storage areas | D24: External working in cold weather | E24: External working in hot weather | F24: Excessive exposure, causing cold or heat stress. Also can be a contributor to fatigue.
B25: Psychological factors | C25: Management behaviour | D25: Excessive workload/lack of resources | E25: Poor relations with colleagues | F25: Excessive pressures, causing mental health problems such as depression.
B26: Violence | C26: Security activities | D26: Interactions with public | E26: Poor relations with colleagues | F26: Physical or verbal violence, causing physical or psychological harm.
B27: Animals | C27: Farm animals | D27: Laboratory animals | E27: Consumer pets | F27: Animal bites causing injuries, or exposure to dander or zoonoses, causing illnesses.
B28: Radiation | C28: Ionizing radiation | D28: Lasers | E28: UV lights | F28: Excessive exposure presents risk of short-term injury or long-term ill health.
B29: Weather/natural hazards | C29: Storms | D29: Floods | E29: Earthquakes | F29: Extreme weather can create many different hazards and interrupt safety systems and services.
B30: Other | C30: NA

Sheet Drop Down Lists
B2: Potential Severity Categories | C2: RF | E2: Risk Value | F2: Risk Level
B3: Fatal | C3: 4 | E3: 0 | F3: No Risk
B4: Irreversible | C4: 3 | E4: 1 | F4: Low Risk
B5: Recordable | C5: 2 | E5: 2 | F5: Low Risk
B6: First Aid | C6: 1 | E6: 3 | F6: Medium Risk
B7: Hurt/No Harm | C7: 0 | E7: 4 | F7: Medium Risk
E8: 5 | F8: Medium Risk
B9: Likelihood Categories | C9: RF | E9: 6 | F9: High Risk
B10: Very Likely | C10: 4 | E10: 7 | F10: High Risk
B11: Likely | C11: 3 | E11: 8 | F11: High Risk
B12: Unlikely | C12: 2 | E12: 9 | F12: High Risk
B13: Very Unlikely | C13: 1 | E13: 10 | F13: High Risk
B14: Impossible | C14: 0 | E14: 11 | F14: High Risk
E15: 12 | F15: Extreme Risk
B16: Tick Mark | E16: 13 | F16: Extreme Risk
E17: 14 | F17: Extreme Risk
B18: √ | E18: 15 | F18: Extreme Risk
E19: 16 | F19: Extreme Risk
B20: Cross Mark
B22: X
B24: Modes of Operation & Maintenance
B25: 0
B26: 1
B27: 2
B28: 3
B29: 4
B31: Frequency of Task
B32: 1
B33: 2
B34: 3
B35: 4
B36: 5
B38: Risk Reckoner DPI Value
B40: NA
B42: Likely Level of Supervision
B43: Continuous
B44: High
B45: Medium
B46: Low
B47: None (Unsupervised)
